[
  {
    "StoreName": "Dragon Wok",
    "Latitude": 37.977777,
    "Longitude": 23.717777,
    "FoodCategory": "chinese",
    "Stars": 3.0,
    "NoOfVotes": 16,
    "StoreLogo": "app/src/main/assets/logos/dragon_wok.png",
    "PriceCategory": "$$",
    "Products": [
      {"ProductName": "Sweet and Sour Pork", "ProductType": "chinese", "Available Amount": 1600, "Price": 10.5},
      {"ProductName": "Fried Rice", "ProductType": "rice", "Available Amount": 2000, "Price": 7.0},
      {"ProductName": "Egg Roll", "ProductType": "appetizer", "Available Amount": 1500, "Price": 3.0}
    ]
  },
  {
    "StoreName": "Sweet Treats Bakery",
    "Latitude": 40.996789,
    "Longitude": 20.741234,
    "FoodCategory": "sweets",
    "Stars": 4.0,
    "NoOfVotes": 19,
    "StoreLogo": "app/src/main/assets/logos/sweet_treats.png",
    "PriceCategory": "$",
    "Products": [
      {"ProductName": "Chocolate Cake Slice", "ProductType": "cake", "Available Amount": 500, "Price": 4.5},
      {"ProductName": "Cupcake", "ProductType": "cake", "Available Amount": 800, "Price": 3.0},
      {"ProductName": "Cookies (Dozen)", "ProductType": "cookie", "Available Amount": 1000, "Price": 5.0}
    ]
  },
  {
    "StoreName": "Thai Orchid",
    "Latitude": 37.991234,
    "Longitude": 23.736789,
    "FoodCategory": "thai",
    "Stars": 4.0,
    "NoOfVotes": 24,
    "StoreLogo": "app/src/main/assets/logos/thai_orchid.png",
    "PriceCategory": "$$$",
    "Products": [
      {"ProductName": "Pad Thai", "ProductType": "noodles", "Available Amount": 1500, "Price": 11.5},
      {"ProductName": "Green Curry", "ProductType": "curry", "Available Amount": 1200, "Price": 13.0},
      {"ProductName": "Spring Rolls", "ProductType": "appetizer", "Available Amount": 800, "Price": 26.0}
    ]
  },
  {
    "StoreName": "Steak House Supreme",
    "Latitude": 40.002345,
    "Longitude": 20.742345,
    "FoodCategory": "meat",
    "Stars": 5.0,
    "NoOfVotes": 38,
    "StoreLogo": "app/src/main/assets/logos/steak_house.png",
    "PriceCategory": "$$$",
    "Products": [
      {"ProductName": "Ribeye Steak", "ProductType": "steak", "Available Amount": 500, "Price": 25.0},
      {"ProductName": "Filet Mignon", "ProductType": "steak", "Available Amount": 400, "Price": 30.0},
      {"ProductName": "Baked Potato", "ProductType": "side", "Available Amount": 800, "Price": 4.0}
    ]
  },
  {
    "StoreName": "Ice Cream Dream",
    "Latitude": 40.988888,
    "Longitude": 20.728888,
    "FoodCategory": "icecream",
    "Stars": 3.0,
    "NoOfVotes": 14,
    "StoreLogo": "app/src/main/assets/logos/ice_cream_dream.png",
    "PriceCategory": "$",
    "Products": [
      {"ProductName": "Vanilla Scoop", "ProductType": "icecream", "Available Amount": 3000, "Price": 2.5},
      {"ProductName": "Chocolate Scoop", "ProductType": "icecream", "Available Amount": 2800, "Price": 2.5},
      {"ProductName": "Sundae", "ProductType": "icecream", "Available Amount": 1000, "Price": 6.0}
    ]
  },
  {
    "StoreName": "Souvlaki Station",
    "Latitude": 40.976666,
    "Longitude": 20.716666,
    "FoodCategory": "souvlaki",
    "Stars": 5.0,
    "NoOfVotes": 33,
    "StoreLogo": "app/src/main/assets/logos/souvlaki_station.png",
    "PriceCategory": "$$",
    "Products": [
      {"ProductName": "Lamb Souvlaki Pita", "ProductType": "souvlaki", "Available Amount": 3000, "Price": 7.0},
      {"ProductName": "Falafel Pita", "ProductType": "souvlaki", "Available Amount": 2000, "Price": 6.0},
      {"ProductName": "Greek Fries", "ProductType": "side", "Available Amount": 1500, "Price": 4.0}
    ]
  },
  {
    "StoreName": "Salad Sensations",
    "Latitude": 40.997777,
    "Longitude": 20.737777,
    "FoodCategory": "salad",
    "Stars": 4.0,
    "NoOfVotes": 27,
    "StoreLogo": "app/src/main/assets/logos/salad_sensations.png",
    "PriceCategory": "$$",
    "Products": [
      {"ProductName": "Chicken Caesar Salad", "ProductType": "salad", "Available Amount": 500, "Price": 8.0},
      {"ProductName": "Cobb Salad", "ProductType": "salad", "Available Amount": 400, "Price": 9.0},
      {"ProductName": "Soup of the Day", "ProductType": "soup", "Available Amount": 200, "Price": 5.0}
    ]
  },
  {
    "StoreName": "Gyro Grill",
    "Latitude": 37.975432,
    "Longitude": 23.718901,
    "FoodCategory": "souvlaki",
    "Stars": 4.0,
    "NoOfVotes": 20,
    "StoreLogo": "app/src/main/assets/logos/gyro_grill.png",
    "PriceCategory": "$",
    "Products": [
      {"ProductName": "Chicken Gyro", "ProductType": "gyro", "Available Amount": 4000, "Price": 6.0},
      {"ProductName": "Pork Gyro", "ProductType": "gyro", "Available Amount": 3500, "Price": 6.5},
      {"ProductName": "Tzatziki", "ProductType": "side", "Available Amount": 500, "Price": 2.5}
    ]
  },
  {
    "StoreName": "Juice Junction",
    "Latitude": 37.999999,
    "Longitude": 23.739999,
    "FoodCategory": "juice",
    "Stars": 4.0,
    "NoOfVotes": 26,
    "StoreLogo": "app/src/main/assets/logos/juice_junction.png",
    "PriceCategory": "$$",
    "Products": [
      {"ProductName": "Green Detox Juice", "ProductType": "juice", "Available Amount": 800, "Price": 5.5},
      {"ProductName": "Berry Blast Smoothie", "ProductType": "smoothie", "Available Amount": 700, "Price": 6.0},
      {"ProductName": "Acai Bowl", "ProductType": "bowl", "Available Amount": 500, "Price": 8.0}
    ]
  },
  {
    "StoreName": "Dessert Delight",
    "Latitude": 37.989012,
    "Longitude": 23.731234,
    "FoodCategory": "desserts",
    "Stars": 4.0,
    "NoOfVotes": 28,
    "StoreLogo": "/usr/bin/images/dessert_delight.png",
    "PriceCategory": "$",
    "Products": [
      {"ProductName": "Chocolate Cake", "ProductType": "dessert", "Available Amount": 500, "Price": 5.0},
      {"ProductName": "Cheesecake", "ProductType": "dessert", "Available Amount": 400, "Price": 6.0},
      {"ProductName": "Ice Cream", "ProductType": "dessert", "Available Amount": 600, "Price": 4.0}
    ]
  },
  {
    "StoreName": "Daily Grind Coffee",
    "Latitude": 40.984444,
    "Longitude": 20.724444,
    "FoodCategory": "coffee",
    "Stars": 4.0,
    "NoOfVotes": 29,
    "StoreLogo": "app/src/main/assets/logos/daily_grind.png",
    "PriceCategory": "$",
    "Products": [
      {"ProductName": "Latte", "ProductType": "coffee", "Available Amount": 4000, "Price": 4.0},
      {"ProductName": "Americano", "ProductType": "coffee", "Available Amount": 3500, "Price": 3.0},
      {"ProductName": "Muffin", "ProductType": "pastry", "Available Amount": 800, "Price": 2.5}
    ]
  },
  {
    "StoreName": "Veggie Vibes",
    "Latitude": 37.995678,
    "Longitude": 23.738901,
    "FoodCategory": "salad",
    "Stars": 5.0,
    "NoOfVotes": 35,
    "StoreLogo": "app/src/main/assets/logos/veggie_vibes.png",
    "PriceCategory": "$$",
    "Products": [
      {"ProductName": "Veggie Burger", "ProductType": "burger", "Available Amount": 1000, "Price": 9.0},
      {"ProductName": "Falafel Wrap", "ProductType": "wrap", "Available Amount": 800, "Price": 8.5},
      {"ProductName": "Quinoa Salad", "ProductType": "salad", "Available Amount": 150, "Price": 6.5}
    ]
  }
]
