[
  {
    "StoreName": "Pizza Palace",
    "Latitude": 37.9932963,
    "Longitude": 23.733413,
    "FoodCategory": "pizzeria",
    "Stars": 4,
    "NoOfVotes": 25,
    "StoreLogo": "/usr/bin/images/pizza_palace.png",
    "Products": [
      {"ProductName": "Margherita", "ProductType": "pizza", "Available Amount": 5000, "Price": 8.5},
      {"ProductName": "Pepperoni", "ProductType": "pizza", "Available Amount": 3000, "Price": 10.0},
      {"ProductName": "Greek Salad", "ProductType": "salad", "Available Amount": 150, "Price": 6.0}
    ]
  },
  {
    "StoreName": "Seafood Shack",
    "Latitude": 37.978901,
    "Longitude": 23.715678,
    "FoodCategory": "seafood",
    "Stars": 3,
    "NoOfVotes": 15,
    "StoreLogo": "/usr/bin/images/seafood_shack.png",
    "Products": [
      {"ProductName": "Fish and Chips", "ProductType": "seafood", "Available Amount": 2000, "Price": 13.0},
      {"ProductName": "Shrimp Cocktail", "ProductType": "seafood", "Available Amount": 1000, "Price": 15.0},
      {"ProductName": "Coleslaw", "ProductType": "side", "Available Amount": 300, "Price": 3.5},
      {"ProductName": "Quinoa Salad", "ProductType": "salad", "Available Amount": 10, "Price": 8.5}
    ]
  }
]