[
  {
    "StoreName": "Salad Sensations",
    "Latitude": 40.997777,
    "Longitude": 20.737777,
    "FoodCategory": "salad",
    "Stars": 4.0,
    "NoOfVotes": 27,
    "StoreLogo": "app/src/main/assets/logos/salad_sensations.png",
    "PriceCategory": "$$",
    "Products": [
      {"ProductName": "Chicken Caesar Salad", "ProductType": "salad", "Available Amount": 500, "Price": 8.0},
      {"ProductName": "Cobb Salad", "ProductType": "salad", "Available Amount": 400, "Price": 9.0},
      {"ProductName": "Soup of the Day", "ProductType": "soup", "Available Amount": 200, "Price": 5.0}
    ]
  },
  {
    "StoreName": "Gyro Grill",
    "Latitude": 37.975432,
    "Longitude": 23.718901,
    "FoodCategory": "souvlaki",
    "Stars": 4.0,
    "NoOfVotes": 20,
    "StoreLogo": "app/src/main/assets/logos/gyro_grill.png",
    "PriceCategory": "$",
    "Products": [
      {"ProductName": "Chicken Gyro", "ProductType": "gyro", "Available Amount": 4000, "Price": 6.0},
      {"ProductName": "Pork Gyro", "ProductType": "gyro", "Available Amount": 3500, "Price": 6.5},
      {"ProductName": "Tzatziki", "ProductType": "side", "Available Amount": 500, "Price": 2.5}
    ]
  },
  {
    "StoreName": "Kebab Kingdom",
    "Latitude": 37.982345,
    "Longitude": 23.722345,
    "FoodCategory": "kebab",
    "Stars": 2.27,
    "NoOfVotes": 11,
    "StoreLogo": "app/src/main/assets/logos/kebab_kingdom.png",
    "PriceCategory": "$$",
    "Products": [
      {"ProductName": "Lamb Kebab", "ProductType": "kebab", "Available Amount": 1500, "Price": 8.0},
      {"ProductName": "Chicken Kebab", "ProductType": "kebab", "Available Amount": 1200, "Price": 7.5},
      {"ProductName": "Hummus", "ProductType": "side", "Available Amount": 199, "Price": 4.0}
    ]
  },
  {
    "StoreName": "Sushi Spot",
    "Latitude": 38.001234,
    "Longitude": 23.740123,
    "FoodCategory": "sushi",
    "Stars": 5.0,
    "NoOfVotes": 30,
    "StoreLogo": "app/src/main/assets/logos/sushi_spot.png",
    "PriceCategory": "$$$",
    "Products": [
      {"ProductName": "California Roll", "ProductType": "sushi", "Available Amount": 800, "Price": 12.0},
      {"ProductName": "Spicy Tuna", "ProductType": "sushi", "Available Amount": 600, "Price": 14.0},
      {"ProductName": "Miso Soup", "ProductType": "soup", "Available Amount": 200, "Price": 24.5}
    ]
  },
  {
    "StoreName": "Dragon Wok",
    "Latitude": 37.977777,
    "Longitude": 23.717777,
    "FoodCategory": "chinese",
    "Stars": 3.0,
    "NoOfVotes": 16,
    "StoreLogo": "app/src/main/assets/logos/dragon_wok.png",
    "PriceCategory": "$$",
    "Products": [
      {"ProductName": "Sweet and Sour Pork", "ProductType": "chinese", "Available Amount": 1600, "Price": 10.5},
      {"ProductName": "Fried Rice", "ProductType": "rice", "Available Amount": 2000, "Price": 7.0},
      {"ProductName": "Egg Roll", "ProductType": "appetizer", "Available Amount": 1500, "Price": 3.0}
    ]
  },
  {
    "StoreName": "Sweet Treats Bakery",
    "Latitude": 40.996789,
    "Longitude": 20.741234,
    "FoodCategory": "sweets",
    "Stars": 4.0,
    "NoOfVotes": 19,
    "StoreLogo": "app/src/main/assets/logos/sweet_treats.png",
    "PriceCategory": "$",
    "Products": [
      {"ProductName": "Chocolate Cake Slice", "ProductType": "cake", "Available Amount": 500, "Price": 4.5},
      {"ProductName": "Cupcake", "ProductType": "cake", "Available Amount": 800, "Price": 3.0},
      {"ProductName": "Cookies (Dozen)", "ProductType": "cookie", "Available Amount": 1000, "Price": 5.0}
    ]
  },
  {
    "StoreName": "Pizza Palace",
    "Latitude": 37.9932963,
    "Longitude": 23.733413,
    "FoodCategory": "pizza",
    "Stars": 4.04,
    "NoOfVotes": 26,
    "StoreLogo": "app/src/main/assets/logos/pizza_palace.png",
    "PriceCategory": "$$",
    "Products": [
      {"ProductName": "Margherita", "ProductType": "pizza", "Available Amount": 4999, "Price": 8.5},
      {"ProductName": "Greek Salad", "ProductType": "salad", "Available Amount": 150, "Price": 6.0}
    ]
  },
  {
    "StoreName": "Breakfast Nook",
    "Latitude": 37.994444,
    "Longitude": 23.734444,
    "FoodCategory": "brunch",
    "Stars": 4.0,
    "NoOfVotes": 21,
    "StoreLogo": "app/src/main/assets/logos/breakfast_nook.png",
    "PriceCategory": "$$",
    "Products": [
      {"ProductName": "Pancakes", "ProductType": "breakfast", "Available Amount": 1200, "Price": 7.0},
      {"ProductName": "Omelette", "ProductType": "breakfast", "Available Amount": 1000, "Price": 8.5},
      {"ProductName": "Orange Juice", "ProductType": "drink", "Available Amount": 1500, "Price": 3.0}
    ]
  },
  {
    "StoreName": "Juice Junction",
    "Latitude": 37.999999,
    "Longitude": 23.739999,
    "FoodCategory": "juice",
    "Stars": 4.0,
    "NoOfVotes": 26,
    "StoreLogo": "app/src/main/assets/logos/juice_junction.png",
    "PriceCategory": "$$",
    "Products": [
      {"ProductName": "Green Detox Juice", "ProductType": "juice", "Available Amount": 800, "Price": 5.5},
      {"ProductName": "Berry Blast Smoothie", "ProductType": "smoothie", "Available Amount": 700, "Price": 6.0},
      {"ProductName": "Acai Bowl", "ProductType": "bowl", "Available Amount": 500, "Price": 8.0}
    ]
  },
  {
    "StoreName": "Dessert Delight",
    "Latitude": 37.989012,
    "Longitude": 23.731234,
    "FoodCategory": "desserts",
    "Stars": 4.0,
    "NoOfVotes": 28,
    "StoreLogo": "/usr/bin/images/dessert_delight.png",
    "PriceCategory": "$",
    "Products": [
      {"ProductName": "Chocolate Cake", "ProductType": "dessert", "Available Amount": 500, "Price": 5.0},
      {"ProductName": "Cheesecake", "ProductType": "dessert", "Available Amount": 400, "Price": 6.0},
      {"ProductName": "Ice Cream", "ProductType": "dessert", "Available Amount": 600, "Price": 4.0}
    ]
  },
  {
    "StoreName": "Pizza Planet",
    "Latitude": 37.981111,
    "Longitude": 23.721111,
    "FoodCategory": "pizza",
    "Stars": 3.21,
    "NoOfVotes": 19,
    "StoreLogo": "app/src/main/assets/logos/pizza_planet.png",
    "PriceCategory": "$$",
    "Products": [
      {"ProductName": "Veggie Supreme", "ProductType": "pizza", "Available Amount": 2500, "Price": 9.5},
      {"ProductName": "BBQ Chicken", "ProductType": "pizza", "Available Amount": 2000, "Price": 11.0},
      {"ProductName": "Garlic Bread", "ProductType": "side", "Available Amount": 998, "Price": 4.0}
    ]
  },
  {
    "StoreName": "Taco Town",
    "Latitude": 37.998765,
    "Longitude": 23.735432,
    "FoodCategory": "mexican",
    "Stars": 4.0,
    "NoOfVotes": 22,
    "StoreLogo": "app/src/main/assets/logos/taco_town.png",
    "PriceCategory": "$",
    "Products": [
      {"ProductName": "Beef Taco", "ProductType": "taco", "Available Amount": 3000, "Price": 5.5},
      {"ProductName": "Chicken Taco", "ProductType": "taco", "Available Amount": 2800, "Price": 5.5},
      {"ProductName": "Guacamole", "ProductType": "side", "Available Amount": 400, "Price": 3.5}
    ]
  },
  {
    "StoreName": "Coffee Corner",
    "Latitude": 37.98,
    "Longitude": 23.72,
    "FoodCategory": "coffee",
    "Stars": 5.0,
    "NoOfVotes": 40,
    "StoreLogo": "app/src/main/assets/logos/coffee_corner.png",
    "PriceCategory": "$",
    "Products": [
      {"ProductName": "Espresso", "ProductType": "coffee", "Available Amount": 5000, "Price": 2.5},
      {"ProductName": "Cappuccino", "ProductType": "coffee", "Available Amount": 4500, "Price": 3.5},
      {"ProductName": "Croissant", "ProductType": "pastry", "Available Amount": 1000, "Price": 2.0}
    ]
  },
  {
    "StoreName": "Burger Barn",
    "Latitude": 37.992222,
    "Longitude": 23.732222,
    "FoodCategory": "burger",
    "Stars": 4.0,
    "NoOfVotes": 23,
    "StoreLogo": "app/src/main/assets/logos/burger_barn.png",
    "PriceCategory": "$$",
    "Products": [
      {"ProductName": "Bacon Cheeseburger", "ProductType": "burger", "Available Amount": 1800, "Price": 9.0},
      {"ProductName": "Mushroom Swiss Burger", "ProductType": "burger", "Available Amount": 1200, "Price": 9.5},
      {"ProductName": "Onion Rings", "ProductType": "side", "Available Amount": 800, "Price": 3.5}
    ]
  }
]
