[
  {
  "StoreName": "Dessert Delight",
  "Latitude": 37.989012,
  "Longitude": 23.731234,
  "FoodCategory": "desserts",
  "Stars": 4,
  "NoOfVotes": 28,
  "StoreLogo": "/usr/bin/images/dessert_delight.png",
  "Products": [
    {"ProductName": "Chocolate Cake", "ProductType": "dessert", "Available Amount": 500, "Price": 5.0},
    {"ProductName": "Cheesecake", "ProductType": "dessert", "Available Amount": 400, "Price": 6.0},
    {"ProductName": "Ice Cream", "ProductType": "dessert", "Available Amount": 600, "Price": 4.0}
  ]
  }
]